{
	"name": "dummy",
	"build": {
		"dockerfile": "Dockerfile"

		},


    "features": {
  "ghcr.io/devcontainers-contrib/features/clojure-asdf:2" : { },
  "ghcr.io/devcontainers-contrib/features/bash-command:1" : {
    "command" : "apt-get update && apt-get install -y rlwrap"
  }
},


	"remoteEnv": { "PATH": "${containerEnv:PATH}:/home/vscode/.asdf/shims" },
	"forwardPorts": ["12345","7777"],
	"customizations": {
		"vscode": {
			"settings": { 
			},
			"extensions": 
			[
				"vscjava.vscode-java-pack",
				"borkdude.clj-kondo",
				"betterthantomorrow.calva"
			]
		}
	},
	"updateContentCommand": "clojure -P",
    "postCreateCommand": "sudo ln -fs /home/vscode/.asdf/shims/clojure /usr/local/bin/",
	"remoteUser": "vscode"
}
